invitation,decision_ada,route_code,escort,daily_eur,status,discount_pct,awarded_daily_eur
1,Ψ9Ξ37ΛΛ-ΤΓΟ,23-Ε-Τ3,,55.05,barren,,
1,Ψ9Ξ37ΛΛ-ΤΓΟ,23-Κ-Τ1,ΟΧΙ,71.05,barren,,
1,Ψ9Ξ37ΛΛ-ΤΓΟ,23-Κ-Τ2,ΟΧΙ,184.95,awarded,37,116.52
1,Ψ9Ξ37ΛΛ-ΤΓΟ,23-Κ-Τ3,ΟΧΙ,64.00,awarded,1,63.36
1,Ψ9Ξ37ΛΛ-ΤΓΟ,23-Μ-Τ1,ΟΧΙ,174.75,awarded,31,120.58
1,Ψ9Ξ37ΛΛ-ΤΓΟ,23-Μ-Τ2,ΟΧΙ,60.48,awarded,7,56.25
1,Ψ9Ξ37ΛΛ-ΤΓΟ,23-ΠΠ-Τ1,ΟΧΙ,84.13,awarded,23,64.78
1,Ψ9Ξ37ΛΛ-ΤΓΟ,23-ΠΠ-Τ11,ΟΧΙ,97.03,awarded,17,80.53
1,Ψ9Ξ37ΛΛ-ΤΓΟ,23-ΠΠ-Τ12,ΟΧΙ,38.63,awarded,1,38.24
1,Ψ9Ξ37ΛΛ-ΤΓΟ,23-ΠΠ-Τ13,ΟΧΙ,52.60,awarded,5,49.97
1,Ψ9Ξ37ΛΛ-ΤΓΟ,23-ΠΠ-Τ14,ΟΧΙ,77.80,awarded,10,70.02
1,Ψ9Ξ37ΛΛ-ΤΓΟ,23-ΠΠ-Τ15,ΟΧΙ,112.13,awarded,20,89.70
1,Ψ9Ξ37ΛΛ-ΤΓΟ,23-ΠΠ-Τ16,ΟΧΙ,104.70,awarded,11,93.19
1,Ψ9Ξ37ΛΛ-ΤΓΟ,23-ΠΠ-Τ2,ΟΧΙ,76.73,awarded,21,60.62
1,Ψ9Ξ37ΛΛ-ΤΓΟ,23-ΠΠ-Τ21,ΟΧΙ,71.13,barren,,
1,Ψ9Ξ37ΛΛ-ΤΓΟ,23-ΠΠ-Τ23,ΟΧΙ,75.13,awarded,5,71.38
1,Ψ9Ξ37ΛΛ-ΤΓΟ,23-ΠΠ-Τ3,ΟΧΙ,68.18,barren,,
1,Ψ9Ξ37ΛΛ-ΤΓΟ,23-ΠΠ-Τ32,ΟΧΙ,47.08,barren,,
1,Ψ9Ξ37ΛΛ-ΤΓΟ,23-ΠΠ-Τ33,ΟΧΙ,63.03,barren,,
1,Ψ9Ξ37ΛΛ-ΤΓΟ,23-ΠΠ-Τ34,ΟΧΙ,79.15,awarded,13,68.86
1,Ψ9Ξ37ΛΛ-ΤΓΟ,23-ΠΠ-Τ35,ΟΧΙ,28.23,barren,,
1,Ψ9Ξ37ΛΛ-ΤΓΟ,23-ΠΠ-Τ4,ΟΧΙ,140.20,awarded,31,96.74
1,Ψ9Ξ37ΛΛ-ΤΓΟ,23-ΠΠ-Τ41,ΝΑΙ,115.76,awarded,3,112.29
1,Ψ9Ξ37ΛΛ-ΤΓΟ,23-ΠΠ-Τ42,ΝΑΙ,87.86,barren,,
1,Ψ9Ξ37ΛΛ-ΤΓΟ,23-ΠΠ-Τ43,ΝΑΙ,109.38,barren,,
1,Ψ9Ξ37ΛΛ-ΤΓΟ,23-ΠΠ-Τ5,ΟΧΙ,109.13,awarded,36,69.84
1,Ψ9Ξ37ΛΛ-ΤΓΟ,23-ΠΠ-Τ51,ΝΑΙ,71.71,barren,,
1,Ψ9Ξ37ΛΛ-ΤΓΟ,23-ΠΠ-Τ52,ΝΑΙ,85.36,barren,,
1,Ψ9Ξ37ΛΛ-ΤΓΟ,23-ΠΠ-Τ53,ΝΑΙ,89.83,barren,,
1,Ψ9Ξ37ΛΛ-ΤΓΟ,23-ΠΠ-Τ54,ΝΑΙ,150.33,barren,,
1,Ψ9Ξ37ΛΛ-ΤΓΟ,23-ΠΠ-Τ6,ΟΧΙ,76.45,awarded,10,68.81
1,Ψ9Ξ37ΛΛ-ΤΓΟ,23-ΠΠ-Τ61,ΝΑΙ,78.63,awarded,7,73.13
1,Ψ9Ξ37ΛΛ-ΤΓΟ,23-ΠΠ-Τ71,ΝΑΙ,66.76,awarded,1,66.09
1,Ψ9Ξ37ΛΛ-ΤΓΟ,23-ΠΠ-Τ72,ΝΑΙ,71.23,barren,,
1,Ψ9Ξ37ΛΛ-ΤΓΟ,23-ΠΠ-Τ73,ΝΑΙ,72.58,barren,,
1,Ψ9Ξ37ΛΛ-ΤΓΟ,23-ΠΠ-Τ74,ΝΑΙ,76.53,barren,,
1,Ψ9Ξ37ΛΛ-ΤΓΟ,G23-0703-Τ100,ΝΑΙ,47.96,awarded,6,45.08
1,Ψ9Ξ37ΛΛ-ΤΓΟ,G23-0703-Τ2,ΝΑΙ,57.86,awarded,12,50.92
1,Ψ9Ξ37ΛΛ-ΤΓΟ,G23-0709-Τ1,ΝΑΙ,47.33,barren,,
1,Ψ9Ξ37ΛΛ-ΤΓΟ,G23-0709-Τ2,ΟΧΙ,28.88,barren,,
1,Ψ9Ξ37ΛΛ-ΤΓΟ,G23-0710-Τ52,ΝΑΙ,49.28,barren,,
1,Ψ9Ξ37ΛΛ-ΤΓΟ,G23-0712-Τ1,ΟΧΙ,25.83,awarded,2,25.31
1,Ψ9Ξ37ΛΛ-ΤΓΟ,G23-07124-Τ1,ΝΑΙ,56.28,barren,,
1,Ψ9Ξ37ΛΛ-ΤΓΟ,S23-0708-Τ1,ΝΑΙ,62.46,awarded,16,52.46
1,Ψ9Ξ37ΛΛ-ΤΓΟ,S23-0708-Τ2,ΝΑΙ,50.91,barren,,
1,Ψ9Ξ37ΛΛ-ΤΓΟ,S23-0710-Τ1,ΝΑΙ,87.58,awarded,23,67.44
1,Ψ9Ξ37ΛΛ-ΤΓΟ,S23-0710-Τ2,ΝΑΙ,148.13,barren,,
1,Ψ9Ξ37ΛΛ-ΤΓΟ,S23-0710-Τ3,ΝΑΙ,122.26,awarded,1,121.04
1,Ψ9Ξ37ΛΛ-ΤΓΟ,S23-0710-Τ4,ΝΑΙ,138.16,awarded,43,78.75
1,Ψ9Ξ37ΛΛ-ΤΓΟ,S23-0710-Τ5,ΝΑΙ,41.43,barren,,
1,Ψ9Ξ37ΛΛ-ΤΓΟ,S23-0710-Τ6,ΝΑΙ,45.01,awarded,6,42.31
1,Ψ9Ξ37ΛΛ-ΤΓΟ,S23-ΑΑ-0701-Τ2,,71.33,barren,,
1,Ψ9Ξ37ΛΛ-ΤΓΟ,S23-ΑΑ-0701-Τ4,ΝΑΙ,236.16,awarded,31,162.95
1,Ψ9Ξ37ΛΛ-ΤΓΟ,S23-ΑΑ-0701-Τ5,ΝΑΙ,65.56,awarded,16,55.07
1,Ψ9Ξ37ΛΛ-ΤΓΟ,S23-ΑΑ-0708-Τ2,ΟΧΙ,64.63,barren,,
1,Ψ9Ξ37ΛΛ-ΤΓΟ,S23-ΑΑ-0708-Τ3,ΝΑΙ,105.36,awarded,18,86.40
1,Ψ9Ξ37ΛΛ-ΤΓΟ,S23-ΑΑ-0711-Τ1,ΝΑΙ,143.28,awarded,18,117.49
1,Ψ9Ξ37ΛΛ-ΤΓΟ,S23-ΑΑ-0711-Τ6,ΝΑΙ,87.96,awarded,9,80.04
1,Ψ9Ξ37ΛΛ-ΤΓΟ,S23-ΑΑ-0712-Τ1,ΝΑΙ,103.28,awarded,22,80.56
1,Ψ9Ξ37ΛΛ-ΤΓΟ,S23-ΑΑ-0712-Τ2,ΝΑΙ,77.16,awarded,1,76.39
1,Ψ9Ξ37ΛΛ-ΤΓΟ,S23-ΑΑ-0713-Τ2,ΟΧΙ,69.65,awarded,3,67.56
1,Ψ9Ξ37ΛΛ-ΤΓΟ,S23-ΑΑ-0714-Τ2,ΝΑΙ,109.33,awarded,15,92.94
1,Ψ9Ξ37ΛΛ-ΤΓΟ,S23-ΑΑ-0714-Τ3,ΝΑΙ,67.41,barren,,
1,Ψ9Ξ37ΛΛ-ΤΓΟ,S23-ΑΑ-0714-Τ4,ΝΑΙ,76.83,awarded,6,72.22
1,Ψ9Ξ37ΛΛ-ΤΓΟ,S23-ΑΑ-0714-Τ5,ΝΑΙ,108.81,awarded,21,85.96
1,Ψ9Ξ37ΛΛ-ΤΓΟ,S23-ΒΑ-070101-Τ1,ΝΑΙ,88.88,awarded,11,79.11
1,Ψ9Ξ37ΛΛ-ΤΓΟ,S23-ΒΑ-0706-Τ1,ΝΑΙ,101.01,awarded,9,91.92
1,Ψ9Ξ37ΛΛ-ΤΓΟ,S23-ΒΑ-0712-Τ1,ΝΑΙ,183.63,awarded,46,99.16
1,Ψ9Ξ37ΛΛ-ΤΓΟ,S23-ΒΑ-Τ11,ΟΧΙ,108.50,awarded,26,80.29
1,Ψ9Ξ37ΛΛ-ΤΓΟ,S23-ΒΑ-Τ23,ΟΧΙ,84.05,awarded,16,70.60
1,Ψ9Ξ37ΛΛ-ΤΓΟ,S23-ΒΑ-Τ30,ΝΑΙ,91.46,barren,,
1,Ψ9Ξ37ΛΛ-ΤΓΟ,S23-ΒΑ-Τ31,ΝΑΙ,90.91,barren,,
1,Ψ9Ξ37ΛΛ-ΤΓΟ,S23-ΒΑ-Τ32,ΝΑΙ,71.88,barren,,
1,Ψ9Ξ37ΛΛ-ΤΓΟ,S23-ΒΑ-Τ33,ΝΑΙ,140.43,awarded,23,108.13
1,Ψ9Ξ37ΛΛ-ΤΓΟ,S23-ΒΑ-Τ34,ΟΧΙ,130.80,awarded,37,82.40
1,Ψ9Ξ37ΛΛ-ΤΓΟ,S23-ΒΑ-Τ35,ΟΧΙ,124.38,awarded,24,94.53
1,Ψ9Ξ37ΛΛ-ΤΓΟ,S23-ΒΑ-Τ36,ΟΧΙ,37.60,barren,,
1,Ψ9Ξ37ΛΛ-ΤΓΟ,S23-ΒΑ-Τ37,ΝΑΙ,60.33,barren,,
1,Ψ9Ξ37ΛΛ-ΤΓΟ,S23-ΒΑ-Τ38,ΟΧΙ,67.88,awarded,6,63.81
1,Ψ9Ξ37ΛΛ-ΤΓΟ,S23-ΒΑ-Τ40,ΝΑΙ,104.58,barren,,
1,Ψ9Ξ37ΛΛ-ΤΓΟ,S23-ΒΑ-Τ41,ΟΧΙ,52.35,awarded,6,49.21
1,Ψ9Ξ37ΛΛ-ΤΓΟ,S23-ΒΑ-Τ61,ΝΑΙ,106.46,barren,,
1,Ψ9Ξ37ΛΛ-ΤΓΟ,S23-ΒΑ-Τ62,ΝΑΙ,147.48,barren,,
1,Ψ9Ξ37ΛΛ-ΤΓΟ,S23-ΒΑ-Τ63,ΝΑΙ,186.51,awarded,46,100.72
1,Ψ9Ξ37ΛΛ-ΤΓΟ,S23-ΒΑ-Τ64,ΝΑΙ,153.33,awarded,32,104.26
1,Ψ9Ξ37ΛΛ-ΤΓΟ,S23-ΒΑ-Τ8,ΝΑΙ,98.53,awarded,16,82.77
1,Ψ9Ξ37ΛΛ-ΤΓΟ,S23-ΓΛΚΒ-Τ1,ΟΧΙ,85.33,awarded,8,78.50
1,Ψ9Ξ37ΛΛ-ΤΓΟ,S23-ΓΛΚΒ-Τ2,ΟΧΙ,83.38,awarded,12,73.37
1,Ψ9Ξ37ΛΛ-ΤΓΟ,S23-ΓΛΚΒ-Τ3,ΟΧΙ,98.50,awarded,22,76.83
1,Ψ9Ξ37ΛΛ-ΤΓΟ,S23-ΔΕΓ-Τ1,ΝΑΙ,80.76,barren,,
1,Ψ9Ξ37ΛΛ-ΤΓΟ,S23-ΔΕΓ-Τ2,ΝΑΙ,137.48,awarded,26,101.74
1,Ψ9Ξ37ΛΛ-ΤΓΟ,S23-ΔΕΓ-Τ3,ΝΑΙ,165.66,awarded,37,104.37
1,Ψ9Ξ37ΛΛ-ΤΓΟ,S23-ΔΕΓ-Τ4,ΝΑΙ,56.76,barren,,
1,Ψ9Ξ37ΛΛ-ΤΓΟ,S23-ΔΕΓ-Τ5,ΝΑΙ,110.43,awarded,11,98.28
1,Ψ9Ξ37ΛΛ-ΤΓΟ,S23-ΛΟΦ-Τ1,ΝΑΙ,214.46,awarded,12,188.73
1,Ψ9Ξ37ΛΛ-ΤΓΟ,S23-ΠΜ-ΚΟΡΔ-Τ2,ΝΑΙ,233.53,awarded,52,112.09
1,Ψ9Ξ37ΛΛ-ΤΓΟ,S23-ΠΜ-Τ1,ΝΑΙ,138.58,awarded,13,120.57
1,Ψ9Ξ37ΛΛ-ΤΓΟ,S23-ΠΜ-Τ2,ΝΑΙ,119.86,awarded,10,107.87
1,Ψ9Ξ37ΛΛ-ΤΓΟ,S23-ΠΜ-Τ3,ΝΑΙ,39.53,barren,,
2,916Μ7ΛΛ-ΒΕ4,03-113,ΟΧΙ,28.88,barren,,
2,916Μ7ΛΛ-ΒΕ4,03-18,ΝΑΙ,90.91,barren,,
2,916Μ7ΛΛ-ΒΕ4,23-Ε-Τ3,,55.05,barren,,
2,916Μ7ΛΛ-ΒΕ4,23-Κ-Τ1,ΟΧΙ,71.05,awarded,5,67.50
2,916Μ7ΛΛ-ΒΕ4,23-ΠΠ-Τ21,ΟΧΙ,71.13,barren,,
2,916Μ7ΛΛ-ΒΕ4,23-ΠΠ-Τ32,ΟΧΙ,47.08,barren,,
2,916Μ7ΛΛ-ΒΕ4,23-ΠΠ-Τ33,ΟΧΙ,63.03,barren,,
2,916Μ7ΛΛ-ΒΕ4,23-ΠΠ-Τ35,ΟΧΙ,28.23,barren,,
2,916Μ7ΛΛ-ΒΕ4,23-ΠΠ-Τ42,ΝΑΙ,87.86,barren,,
2,916Μ7ΛΛ-ΒΕ4,23-ΠΠ-Τ43,ΝΑΙ,109.38,awarded,11,97.35
2,916Μ7ΛΛ-ΒΕ4,23-ΠΠ-Τ51,ΝΑΙ,71.71,barren,,
2,916Μ7ΛΛ-ΒΕ4,23-ΠΠ-Τ52,ΝΑΙ,85.36,awarded,11,75.97
2,916Μ7ΛΛ-ΒΕ4,23-ΠΠ-Τ53,ΝΑΙ,89.83,barren,,
2,916Μ7ΛΛ-ΒΕ4,23-ΠΠ-Τ54,ΝΑΙ,150.33,awarded,5,142.81
2,916Μ7ΛΛ-ΒΕ4,23-ΠΠ-Τ72,ΝΑΙ,71.23,barren,,
2,916Μ7ΛΛ-ΒΕ4,23-ΠΠ-Τ73,ΝΑΙ,72.58,barren,,
2,916Μ7ΛΛ-ΒΕ4,23-ΠΠ-Τ74,ΝΑΙ,76.53,barren,,
2,916Μ7ΛΛ-ΒΕ4,G23-0709-Τ1,ΝΑΙ,47.33,barren,,
2,916Μ7ΛΛ-ΒΕ4,G23-0709-Τ2,ΟΧΙ,28.88,barren,,
2,916Μ7ΛΛ-ΒΕ4,G23-0710-Τ52,ΝΑΙ,49.28,barren,,
2,916Μ7ΛΛ-ΒΕ4,G23-07124-Τ1,ΝΑΙ,56.28,barren,,
2,916Μ7ΛΛ-ΒΕ4,S23-0708-Τ2,ΝΑΙ,50.91,barren,,
2,916Μ7ΛΛ-ΒΕ4,S23-0710-Τ2,ΝΑΙ,148.13,awarded,10,133.32
2,916Μ7ΛΛ-ΒΕ4,S23-0710-Τ5,ΝΑΙ,41.43,barren,,
2,916Μ7ΛΛ-ΒΕ4,S23-ΑΑ-0701-Τ2,,71.33,barren,,
2,916Μ7ΛΛ-ΒΕ4,S23-ΑΑ-0708-Τ2,ΟΧΙ,64.63,awarded,10,58.17
2,916Μ7ΛΛ-ΒΕ4,S23-ΑΑ-0714-Τ3,ΝΑΙ,67.41,barren,,
2,916Μ7ΛΛ-ΒΕ4,S23-ΒΑ-Τ30,ΝΑΙ,44.41,barren,,
2,916Μ7ΛΛ-ΒΕ4,S23-ΒΑ-Τ31,ΝΑΙ,90.91,barren,,
2,916Μ7ΛΛ-ΒΕ4,S23-ΒΑ-Τ32,ΝΑΙ,71.88,awarded,3,69.72
2,916Μ7ΛΛ-ΒΕ4,S23-ΒΑ-Τ36,ΟΧΙ,37.60,barren,,
2,916Μ7ΛΛ-ΒΕ4,S23-ΒΑ-Τ37,ΝΑΙ,60.33,barren,,
2,916Μ7ΛΛ-ΒΕ4,S23-ΒΑ-Τ39,ΝΑΙ,91.46,barren,,
2,916Μ7ΛΛ-ΒΕ4,S23-ΒΑ-Τ40,ΝΑΙ,104.58,barren,,
2,916Μ7ΛΛ-ΒΕ4,S23-ΒΑ-Τ62,ΝΑΙ,147.48,awarded,10,132.73
2,916Μ7ΛΛ-ΒΕ4,S23-ΔΕΓ-Τ1,ΝΑΙ,80.76,barren,,
2,916Μ7ΛΛ-ΒΕ4,S23-ΔΕΓ-Τ4,ΝΑΙ,56.76,barren,,
2,916Μ7ΛΛ-ΒΕ4,S23-ΠΜ-Τ3,ΝΑΙ,39.53,barren,,
3,ΨΨΠΨ7ΛΛ-Χ5Λ,23-Ε-Τ3,,55.05,barren,,
3,ΨΨΠΨ7ΛΛ-Χ5Λ,23-Κ-Τ4,,70.15,barren,,
3,ΨΨΠΨ7ΛΛ-Χ5Λ,23-Κ-Τ5,ΟΧΙ,131.90,awarded,22,102.88
3,ΨΨΠΨ7ΛΛ-Χ5Λ,23-Μ-Τ3,ΟΧΙ,55.58,barren,,
3,ΨΨΠΨ7ΛΛ-Χ5Λ,23-Μ-Τ4,,107.53,awarded,23,82.80
3,ΨΨΠΨ7ΛΛ-Χ5Λ,23-Μ-Τ5,,110.65,awarded,21,87.41
3,ΨΨΠΨ7ΛΛ-Χ5Λ,23-ΠΠ-Τ200,ΝΑΙ,61.83,barren,,
3,ΨΨΠΨ7ΛΛ-Χ5Λ,23-ΠΠ-Τ201,ΟΧΙ,74.28,barren,,
3,ΨΨΠΨ7ΛΛ-Χ5Λ,23-ΠΠ-Τ202,ΟΧΙ,54.73,awarded,1,54.18
3,ΨΨΠΨ7ΛΛ-Χ5Λ,23-ΠΠ-Τ204,,100.88,awarded,11,89.78
3,ΨΨΠΨ7ΛΛ-Χ5Λ,23-ΠΠ-Τ205,,43.85,barren,,
3,ΨΨΠΨ7ΛΛ-Χ5Λ,23-ΠΠ-Τ207,ΝΑΙ,60.40,barren,,
3,ΨΨΠΨ7ΛΛ-Χ5Λ,23-ΠΠ-Τ21,ΟΧΙ,71.13,barren,,
3,ΨΨΠΨ7ΛΛ-Χ5Λ,23-ΠΠ-Τ32,ΟΧΙ,47.08,barren,,
3,ΨΨΠΨ7ΛΛ-Χ5Λ,23-ΠΠ-Τ33,ΟΧΙ,63.03,barren,,
3,ΨΨΠΨ7ΛΛ-Χ5Λ,23-ΠΠ-Τ42,ΝΑΙ,87.86,barren,,
3,ΨΨΠΨ7ΛΛ-Χ5Λ,23-ΠΠ-Τ51,ΝΑΙ,71.71,barren,,
3,ΨΨΠΨ7ΛΛ-Χ5Λ,23-ΠΠ-Τ53,ΝΑΙ,89.83,barren,,
3,ΨΨΠΨ7ΛΛ-Χ5Λ,23-ΠΠ-Τ72,ΝΑΙ,71.23,barren,,
3,ΨΨΠΨ7ΛΛ-Χ5Λ,23-ΠΠ-Τ73,ΝΑΙ,72.58,barren,,
3,ΨΨΠΨ7ΛΛ-Χ5Λ,23-ΠΠ-Τ74,ΝΑΙ,76.53,barren,,
3,ΨΨΠΨ7ΛΛ-Χ5Λ,G23-0703-Τ200,ΝΑΙ,34.64,barren,,
3,ΨΨΠΨ7ΛΛ-Χ5Λ,G23-0709-Τ1,ΝΑΙ,47.33,barren,,
3,ΨΨΠΨ7ΛΛ-Χ5Λ,G23-0709-Τ2,ΟΧΙ,28.88,barren,,
3,ΨΨΠΨ7ΛΛ-Χ5Λ,G23-0710-Τ52,ΝΑΙ,49.28,barren,,
3,ΨΨΠΨ7ΛΛ-Χ5Λ,S23-ΑΑ-0714-Τ3,ΝΑΙ,67.58,barren,,
3,ΨΨΠΨ7ΛΛ-Χ5Λ,S23-ΑΑ-Τ41,ΝΑΙ,98.00,barren,,
3,ΨΨΠΨ7ΛΛ-Χ5Λ,S23-ΑΓΑΘΑΝ-Τ1,ΝΑΙ,70.68,barren,,
3,ΨΨΠΨ7ΛΛ-Χ5Λ,S23-ΒΑ-Τ30,ΝΑΙ,101.08,barren,,
3,ΨΨΠΨ7ΛΛ-Χ5Λ,S23-ΒΑ-Τ31,ΝΑΙ,44.41,barren,,
3,ΨΨΠΨ7ΛΛ-Χ5Λ,S23-ΒΑ-Τ36,ΟΧΙ,37.60,barren,,
3,ΨΨΠΨ7ΛΛ-Χ5Λ,S23-ΒΑ-Τ40,ΝΑΙ,58.24,barren,,
3,ΨΨΠΨ7ΛΛ-Χ5Λ,S23-ΒΑ-Τ61,ΝΑΙ,106.46,awarded,1,105.40
3,ΨΨΠΨ7ΛΛ-Χ5Λ,S23-ΠΜ-Τ3,ΝΑΙ,39.53,barren,,
4,9Α2Υ7ΛΛ-ΡΘ1,24-Ε-Τ3,,55.05,barren,,
4,9Α2Υ7ΛΛ-ΡΘ1,24-Κ-Τ4,,70.15,barren,,
4,9Α2Υ7ΛΛ-ΡΘ1,24-ΠΠ-Τ200,ΝΑΙ,71.49,barren,,
4,9Α2Υ7ΛΛ-ΡΘ1,24-ΠΠ-Τ201,ΟΧΙ,74.28,awarded,3,72.05
4,9Α2Υ7ΛΛ-ΡΘ1,24-ΠΠ-Τ205,,48.85,barren,,
4,9Α2Υ7ΛΛ-ΡΘ1,24-ΠΠ-Τ21,ΟΧΙ,71.13,barren,,
4,9Α2Υ7ΛΛ-ΡΘ1,24-ΠΠ-Τ32,ΟΧΙ,47.08,barren,,
4,9Α2Υ7ΛΛ-ΡΘ1,24-ΠΠ-Τ33,ΟΧΙ,63.03,barren,,
4,9Α2Υ7ΛΛ-ΡΘ1,24-ΠΠ-Τ36,ΟΧΙ,38.63,barren,,
4,9Α2Υ7ΛΛ-ΡΘ1,24-ΠΠ-Τ42,ΝΑΙ,95.94,barren,,
4,9Α2Υ7ΛΛ-ΡΘ1,24-ΠΠ-Τ51,ΝΑΙ,72.57,barren,,
4,9Α2Υ7ΛΛ-ΡΘ1,24-ΠΠ-Τ53,ΝΑΙ,97.91,barren,,
4,9Α2Υ7ΛΛ-ΡΘ1,24-ΠΠ-Τ72,ΝΑΙ,79.31,barren,,
4,9Α2Υ7ΛΛ-ΡΘ1,24-ΠΠ-Τ73,ΝΑΙ,80.66,barren,,
4,9Α2Υ7ΛΛ-ΡΘ1,24-ΠΠ-Τ74,ΝΑΙ,84.61,barren,,
4,9Α2Υ7ΛΛ-ΡΘ1,G24-0703-Τ200,ΝΑΙ,49.51,barren,,
4,9Α2Υ7ΛΛ-ΡΘ1,G24-0709-Τ2,ΟΧΙ,28.88,barren,,
4,9Α2Υ7ΛΛ-ΡΘ1,G24-0710-Τ52,ΝΑΙ,50.14,barren,,
4,9Α2Υ7ΛΛ-ΡΘ1,S24-0708-Τ2,ΝΑΙ,69.89,barren,,
4,9Α2Υ7ΛΛ-ΡΘ1,S24-0710-Τ10,ΝΑΙ,50.41,barren,,
4,9Α2Υ7ΛΛ-ΡΘ1,S24-0710-Τ7,ΝΑΙ,99.46,barren,,
4,9Α2Υ7ΛΛ-ΡΘ1,S24-0710-Τ8,ΝΑΙ,78.11,barren,,
4,9Α2Υ7ΛΛ-ΡΘ1,S24-0710-Τ9,ΝΑΙ,63.41,barren,,
4,9Α2Υ7ΛΛ-ΡΘ1,S24-0711-Τ1,ΝΑΙ,58.74,barren,,
4,9Α2Υ7ΛΛ-ΡΘ1,S24-ΒΑ-Τ30,ΝΑΙ,107.66,barren,,
4,9Α2Υ7ΛΛ-ΡΘ1,S24-ΒΑ-Τ31,ΝΑΙ,45.27,barren,,
4,9Α2Υ7ΛΛ-ΡΘ1,S24-ΒΑ-Τ36,ΟΧΙ,37.60,barren,,
4,9Α2Υ7ΛΛ-ΡΘ1,S24-ΒΑ-Τ40,ΝΑΙ,67.36,barren,,
4,9Α2Υ7ΛΛ-ΡΘ1,S24-ΒΑ-Τ65,ΝΑΙ,81.51,barren,,
4,9Α2Υ7ΛΛ-ΡΘ1,S24-ΠΜ-Τ3,ΝΑΙ,40.39,barren,,
5,94ΒΗ7ΛΛ-74Ψ,03-0518,ΟΧΙ,63.03,barren,,
5,94ΒΗ7ΛΛ-74Ψ,24-Ε-Τ3,,55.05,barren,,
5,94ΒΗ7ΛΛ-74Ψ,24-Κ-Τ4,,70.15,barren,,
5,94ΒΗ7ΛΛ-74Ψ,24-Μ-Τ6,ΟΧΙ,196.73,awarded,26,145.58
5,94ΒΗ7ΛΛ-74Ψ,24-ΠΠ-Τ200,ΝΑΙ,61.83,barren,,
5,94ΒΗ7ΛΛ-74Ψ,24-ΠΠ-Τ205,,43.85,barren,,
5,94ΒΗ7ΛΛ-74Ψ,24-ΠΠ-Τ206,ΟΧΙ,61.30,barren,,
5,94ΒΗ7ΛΛ-74Ψ,24-ΠΠ-Τ21,ΟΧΙ,71.13,barren,,
5,94ΒΗ7ΛΛ-74Ψ,24-ΠΠ-Τ32,ΟΧΙ,47.08,barren,,
5,94ΒΗ7ΛΛ-74Ψ,24-ΠΠ-Τ33,ΟΧΙ,63.03,awarded,1,62.40
5,94ΒΗ7ΛΛ-74Ψ,24-ΠΠ-Τ36,ΟΧΙ,38.63,barren,,
5,94ΒΗ7ΛΛ-74Ψ,24-ΠΠ-Τ42,ΝΑΙ,87.86,awarded,12,77.32
5,94ΒΗ7ΛΛ-74Ψ,24-ΠΠ-Τ51,ΝΑΙ,71.71,barren,,
5,94ΒΗ7ΛΛ-74Ψ,24-ΠΠ-Τ53,ΝΑΙ,89.83,awarded,14,77.25
5,94ΒΗ7ΛΛ-74Ψ,24-ΠΠ-Τ72,ΝΑΙ,71.23,awarded,1,70.52
5,94ΒΗ7ΛΛ-74Ψ,24-ΠΠ-Τ73,ΝΑΙ,72.58,barren,,
5,94ΒΗ7ΛΛ-74Ψ,24-ΠΠ-Τ74,ΝΑΙ,76.53,barren,,
5,94ΒΗ7ΛΛ-74Ψ,27-05,,43.85,barren,,
5,94ΒΗ7ΛΛ-74Ψ,G24-0703-Τ200,ΝΑΙ,34.64,barren,,
5,94ΒΗ7ΛΛ-74Ψ,G24-0710-Τ52,ΝΑΙ,49.28,barren,,
5,94ΒΗ7ΛΛ-74Ψ,G24-0712-Τ2,ΟΧΙ,38.20,barren,,
5,94ΒΗ7ΛΛ-74Ψ,S24-0710-Τ7,ΝΑΙ,91.37,awarded,1,90.45
5,94ΒΗ7ΛΛ-74Ψ,S24-0711-Τ1,ΝΑΙ,50.66,barren,,
5,94ΒΗ7ΛΛ-74Ψ,S24-ΑΑ-0714-Τ2,ΝΑΙ,104.78,barren,,
5,94ΒΗ7ΛΛ-74Ψ,S24-ΑΑ-0714-Τ6,ΝΑΙ,232.98,awarded,18,191.04
5,94ΒΗ7ΛΛ-74Ψ,S24-ΒΑ-0712-Τ1,ΝΑΙ,75.16,barren,,
5,94ΒΗ7ΛΛ-74Ψ,S24-ΒΑ-Τ30,ΝΑΙ,73.76,awarded,2,72.28
5,94ΒΗ7ΛΛ-74Ψ,S24-ΒΑ-Τ37,ΝΑΙ,60.33,awarded,1,59.73
5,94ΒΗ7ΛΛ-74Ψ,S24-ΒΑ-Τ44,ΝΑΙ,44.41,barren,,
5,94ΒΗ7ΛΛ-74Ψ,S24-ΒΑ-Τ62,ΝΑΙ,147.48,awarded,1,146.01
6,9ΦΘΦ7ΛΛ-ΩΜΘ,24-Ε-Τ3,ΟΧΙ,61.95,barren,,
6,9ΦΘΦ7ΛΛ-ΩΜΘ,24-Ε-Τ4,ΟΧΙ,113.05,awarded,2,110.79
6,9ΦΘΦ7ΛΛ-ΩΜΘ,24-Ε-Τ5,ΟΧΙ,47.38,barren,,
6,9ΦΘΦ7ΛΛ-ΩΜΘ,24-Κ-Τ6,ΟΧΙ,120.53,awarded,11,107.27
6,9ΦΘΦ7ΛΛ-ΩΜΘ,24-Μ-Τ6,ΟΧΙ,83.38,awarded,2,81.71
6,9ΦΘΦ7ΛΛ-ΩΜΘ,24-Μ-Τ7,ΟΧΙ,83.38,awarded,2,81.71
6,9ΦΘΦ7ΛΛ-ΩΜΘ,24-ΠΠ-Τ200,ΝΑΙ,61.83,barren,,
6,9ΦΘΦ7ΛΛ-ΩΜΘ,24-ΠΠ-Τ206,ΟΧΙ,61.30,barren,,
6,9ΦΘΦ7ΛΛ-ΩΜΘ,24-ΠΠ-Τ300,ΝΑΙ,90.06,barren,,
6,9ΦΘΦ7ΛΛ-ΩΜΘ,24-ΠΠ-Τ301,ΟΧΙ,104.38,barren,,
6,9ΦΘΦ7ΛΛ-ΩΜΘ,24-ΠΠ-Τ302,ΟΧΙ,68.25,barren,,
6,9ΦΘΦ7ΛΛ-ΩΜΘ,24-ΠΠ-Τ303,ΟΧΙ,97.73,awarded,1,96.75
6,9ΦΘΦ7ΛΛ-ΩΜΘ,24-ΠΠ-Τ304,ΟΧΙ,81.95,barren,,
6,9ΦΘΦ7ΛΛ-ΩΜΘ,24-ΠΠ-Τ32,ΟΧΙ,47.08,barren,,
6,9ΦΘΦ7ΛΛ-ΩΜΘ,24-ΠΠ-Τ33,ΟΧΙ,63.03,barren,,
6,9ΦΘΦ7ΛΛ-ΩΜΘ,24-ΠΠ-Τ36,ΟΧΙ,38.63,barren,,
6,9ΦΘΦ7ΛΛ-ΩΜΘ,24-ΠΠ-Τ73,ΝΑΙ,72.58,barren,,
6,9ΦΘΦ7ΛΛ-ΩΜΘ,24-ΠΠ-Τ74,ΝΑΙ,76.53,barren,,
6,9ΦΘΦ7ΛΛ-ΩΜΘ,G24-0703-Τ200,ΝΑΙ,34.64,barren,,
6,9ΦΘΦ7ΛΛ-ΩΜΘ,G24-0710-Τ52,ΝΑΙ,50.14,barren,,
6,9ΦΘΦ7ΛΛ-ΩΜΘ,G24-0712-Τ2,ΟΧΙ,38.20,barren,,
6,9ΦΘΦ7ΛΛ-ΩΜΘ,S24-0710-Τ8,ΝΑΙ,113.86,awarded,8,104.75
6,9ΦΘΦ7ΛΛ-ΩΜΘ,S24-0710-Τ9,ΝΑΙ,52.82,awarded,3,51.24
6,9ΦΘΦ7ΛΛ-ΩΜΘ,S24-ΓΛΚΒ-Τ4,ΟΧΙ,586.30,awarded,31,404.55
7,93ΝΒ7ΛΛ-8Ι9,25-ΠΠ-Τ200,ΝΑΙ,72.79,barren,,
7,93ΝΒ7ΛΛ-8Ι9,25-ΠΠ-Τ201,ΝΑΙ,82.69,barren,,
7,93ΝΒ7ΛΛ-8Ι9,25-ΠΠ-Τ202,ΝΑΙ,126.34,barren,,
7,93ΝΒ7ΛΛ-8Ι9,25-ΠΠ-Τ203,ΝΑΙ,76.39,barren,,
7,93ΝΒ7ΛΛ-8Ι9,25-ΠΠ-Τ301,ΟΧΙ,93.70,barren,,
7,93ΝΒ7ΛΛ-8Ι9,25-ΠΠ-Τ302,ΟΧΙ,39.93,barren,,
7,93ΝΒ7ΛΛ-8Ι9,25-ΠΠ-Τ303,ΟΧΙ,76.88,barren,,
7,93ΝΒ7ΛΛ-8Ι9,25-ΠΠ-Τ304,ΟΧΙ,81.95,barren,,
7,93ΝΒ7ΛΛ-8Ι9,25-ΠΠ-Τ33,ΟΧΙ,44.43,barren,,
7,93ΝΒ7ΛΛ-8Ι9,25-ΠΠ-Τ36,ΟΧΙ,38.63,barren,,
7,93ΝΒ7ΛΛ-8Ι9,25-ΠΠ-Τ500,ΝΑΙ,49.06,barren,,
7,93ΝΒ7ΛΛ-8Ι9,25-ΠΠ-Τ501,ΝΑΙ,72.19,barren,,
7,93ΝΒ7ΛΛ-8Ι9,25-ΠΠ-Τ502,ΟΧΙ,64.33,barren,,
7,93ΝΒ7ΛΛ-8Ι9,25-ΠΠ-Τ503,ΟΧΙ,68.30,barren,,
7,93ΝΒ7ΛΛ-8Ι9,25-ΠΠ-Τ600,ΝΑΙ,71.97,barren,,
7,93ΝΒ7ΛΛ-8Ι9,25-ΠΠ-Τ601,ΝΑΙ,48.41,barren,,
7,93ΝΒ7ΛΛ-8Ι9,25-ΠΠ-Τ602,ΟΧΙ,100.70,awarded,11,89.62
7,93ΝΒ7ΛΛ-8Ι9,G25-0703-Τ200,ΝΑΙ,50.82,barren,,
7,93ΝΒ7ΛΛ-8Ι9,G25-0706-Τ1,ΟΧΙ,39.62,barren,,
7,93ΝΒ7ΛΛ-8Ι9,G25-0712-Τ2,ΟΧΙ,38.20,barren,,
7,93ΝΒ7ΛΛ-8Ι9,S25-ΒΑ-Τ31,ΟΧΙ,51.00,barren,,
7,93ΝΒ7ΛΛ-8Ι9,S25-ΒΑ-Τ32,ΝΑΙ,71.74,barren,,
7,93ΝΒ7ΛΛ-8Ι9,S25-ΒΑ-Τ64,ΝΑΙ,96.17,barren,,
7,93ΝΒ7ΛΛ-8Ι9,S25-ΛΟΦ-Τ3,ΝΑΙ,134.74,awarded,11,119.92
8,9ΖΚ47ΛΛ-Π7Β,25-ΑΓΑΘΑΝ-Τ1,ΝΑΙ,76.03,barren,,
8,9ΖΚ47ΛΛ-Π7Β,25-Κ-Τ40,ΟΧΙ,66.85,barren,,
8,9ΖΚ47ΛΛ-Π7Β,25-Μ-Τ40,ΟΧΙ,43.38,awarded,6,40.78
8,9ΖΚ47ΛΛ-Π7Β,25-ΠΠ-ΑΓΠ-Τ1,ΝΑΙ,48.19,barren,,
8,9ΖΚ47ΛΛ-Π7Β,25-ΠΠ-Τ200,ΝΑΙ,72.79,barren,,
8,9ΖΚ47ΛΛ-Π7Β,25-ΠΠ-Τ201,ΝΑΙ,82.69,awarded,2,81.04
8,9ΖΚ47ΛΛ-Π7Β,25-ΠΠ-Τ202,ΝΑΙ,126.34,barren,,
8,9ΖΚ47ΛΛ-Π7Β,25-ΠΠ-Τ203,ΝΑΙ,76.39,barren,,
8,9ΖΚ47ΛΛ-Π7Β,25-ΠΠ-Τ301,ΟΧΙ,93.70,barren,,
8,9ΖΚ47ΛΛ-Π7Β,25-ΠΠ-Τ302,ΟΧΙ,39.93,barren,,
8,9ΖΚ47ΛΛ-Π7Β,25-ΠΠ-Τ303,ΟΧΙ,76.88,barren,,
8,9ΖΚ47ΛΛ-Π7Β,25-ΠΠ-Τ304,ΟΧΙ,81.95,awarded,0,81.95
8,9ΖΚ47ΛΛ-Π7Β,25-ΠΠ-Τ305,ΟΧΙ,51.20,barren,,
8,9ΖΚ47ΛΛ-Π7Β,25-ΠΠ-Τ306,ΟΧΙ,31.48,barren,,
8,9ΖΚ47ΛΛ-Π7Β,25-ΠΠ-Τ33,ΟΧΙ,72.35,awarded,5,68.73
8,9ΖΚ47ΛΛ-Π7Β,25-ΠΠ-Τ500,ΝΑΙ,49.06,barren,,
8,9ΖΚ47ΛΛ-Π7Β,25-ΠΠ-Τ501,ΝΑΙ,72.19,barren,,
8,9ΖΚ47ΛΛ-Π7Β,25-ΠΠ-Τ503,ΟΧΙ,51.08,barren,,
8,9ΖΚ47ΛΛ-Π7Β,25-ΠΠ-Τ600,ΝΑΙ,71.97,barren,,
8,9ΖΚ47ΛΛ-Π7Β,25-ΠΠ-Τ603,ΟΧΙ,45.45,barren,,
8,9ΖΚ47ΛΛ-Π7Β,25-ΠΠ-Τ604,ΝΑΙ,48.41,barren,,
8,9ΖΚ47ΛΛ-Π7Β,25-ΠΠ-Τ605,ΟΧΙ,66.25,barren,,
8,9ΖΚ47ΛΛ-Π7Β,25-ΠΠ-Τ700,ΝΑΙ,84.82,barren,,
8,9ΖΚ47ΛΛ-Π7Β,25-ΠΠ-Τ701,ΝΑΙ,57.00,barren,,
8,9ΖΚ47ΛΛ-Π7Β,25-ΠΠ-ΩΝΣ-Τ1,ΟΧΙ,102.13,barren,,
8,9ΖΚ47ΛΛ-Π7Β,25-ΠΠ-ΩΝΣ-Τ2,ΟΧΙ,59.43,barren,,
8,9ΖΚ47ΛΛ-Π7Β,25-ΠΠ-ΩΝΣ-Τ3,ΟΧΙ,72.63,barren,,
8,9ΖΚ47ΛΛ-Π7Β,G25-0706-Τ1,ΟΧΙ,39.62,barren,,
8,9ΖΚ47ΛΛ-Π7Β,G25-0712-Τ2,ΟΧΙ,38.20,barren,,
8,9ΖΚ47ΛΛ-Π7Β,G25-0713-Τ1,ΝΑΙ,49.03,awarded,3,47.56
8,9ΖΚ47ΛΛ-Π7Β,G25-0714-Τ1,ΝΑΙ,52.03,barren,,
8,9ΖΚ47ΛΛ-Π7Β,S25-0708-Τ2,ΝΑΙ,93.08,barren,,
8,9ΖΚ47ΛΛ-Π7Β,S25-0708-Τ3,ΝΑΙ,58.13,barren,,
8,9ΖΚ47ΛΛ-Π7Β,S25-0710-Τ15,ΝΑΙ,67.76,barren,,
8,9ΖΚ47ΛΛ-Π7Β,S25-ΑΑ-0709-Τ10,ΝΑΙ,57.84,barren,,
8,9ΖΚ47ΛΛ-Π7Β,S25-ΑΑ-0715-Τ12,ΝΑΙ,95.02,barren,,
8,9ΖΚ47ΛΛ-Π7Β,S25-Ε-Τ3,ΟΧΙ,43.12,barren,,
9,ΨΧΓ57ΛΛ-ΥΥΛ,26-ΠΠ-ΑΓΠ-Τ1,ΝΑΙ,48.19,barren,,
9,ΨΧΓ57ΛΛ-ΥΥΛ,26-ΠΠ-Τ200,ΝΑΙ,72.79,barren,,
9,ΨΧΓ57ΛΛ-ΥΥΛ,26-ΠΠ-Τ202,ΝΑΙ,126.34,awarded,1,125.08
9,ΨΧΓ57ΛΛ-ΥΥΛ,26-ΠΠ-Τ203,ΝΑΙ,76.39,barren,,
9,ΨΧΓ57ΛΛ-ΥΥΛ,26-ΠΠ-Τ302,ΟΧΙ,39.93,barren,,
9,ΨΧΓ57ΛΛ-ΥΥΛ,26-ΠΠ-Τ303,ΟΧΙ,76.88,barren,,
9,ΨΧΓ57ΛΛ-ΥΥΛ,26-ΠΠ-Τ305,ΟΧΙ,51.20,barren,,
9,ΨΧΓ57ΛΛ-ΥΥΛ,26-ΠΠ-Τ306,ΟΧΙ,31.48,barren,,
9,ΨΧΓ57ΛΛ-ΥΥΛ,26-ΠΠ-Τ500,ΝΑΙ,49.06,barren,,
9,ΨΧΓ57ΛΛ-ΥΥΛ,26-ΠΠ-Τ501,ΝΑΙ,72.19,barren,,
9,ΨΧΓ57ΛΛ-ΥΥΛ,26-ΠΠ-Τ503,ΟΧΙ,51.08,barren,,
9,ΨΧΓ57ΛΛ-ΥΥΛ,26-ΠΠ-Τ600,ΝΑΙ,71.97,barren,,
9,ΨΧΓ57ΛΛ-ΥΥΛ,26-ΠΠ-Τ603,ΟΧΙ,45.45,barren,,
9,ΨΧΓ57ΛΛ-ΥΥΛ,26-ΠΠ-Τ604,ΝΑΙ,48.41,barren,,
9,ΨΧΓ57ΛΛ-ΥΥΛ,26-ΠΠ-Τ605,ΟΧΙ,66.25,barren,,
9,ΨΧΓ57ΛΛ-ΥΥΛ,26-ΠΠ-Τ700,ΝΑΙ,84.82,barren,,
9,ΨΧΓ57ΛΛ-ΥΥΛ,26-ΠΠ-Τ701,ΝΑΙ,57.00,barren,,
9,ΨΧΓ57ΛΛ-ΥΥΛ,26-ΠΠ-ΩΝΣ-Τ1,ΟΧΙ,102.13,barren,,
9,ΨΧΓ57ΛΛ-ΥΥΛ,26-ΠΠ-ΩΝΣ-Τ2,ΟΧΙ,59.43,barren,,
9,ΨΧΓ57ΛΛ-ΥΥΛ,26-ΠΠ-ΩΝΣ-Τ3,ΟΧΙ,72.63,barren,,
9,ΨΧΓ57ΛΛ-ΥΥΛ,26-ΠΠ-ΩΝΣ-Τ4,ΟΧΙ,59.50,barren,,
9,ΨΧΓ57ΛΛ-ΥΥΛ,G26-0705-Τ13,ΟΧΙ,67.56,barren,,
9,ΨΧΓ57ΛΛ-ΥΥΛ,G26-0706-Τ1,ΟΧΙ,39.62,barren,,
9,ΨΧΓ57ΛΛ-ΥΥΛ,G26-0712-Τ2,ΟΧΙ,38.20,barren,,
9,ΨΧΓ57ΛΛ-ΥΥΛ,G26-0714-Τ1,ΟΧΙ,30.33,barren,,
9,ΨΧΓ57ΛΛ-ΥΥΛ,S26-0708-Τ2,ΝΑΙ,93.08,barren,,
9,ΨΧΓ57ΛΛ-ΥΥΛ,S26-0708-Τ3,ΝΑΙ,58.13,barren,,
9,ΨΧΓ57ΛΛ-ΥΥΛ,S26-0710-Τ15,ΝΑΙ,67.76,barren,,
9,ΨΧΓ57ΛΛ-ΥΥΛ,S26-0711-Τ1,ΝΑΙ,76.76,barren,,
9,ΨΧΓ57ΛΛ-ΥΥΛ,S26-ΑΑ-0708-Τ60,ΝΑΙ,97.54,barren,,
9,ΨΧΓ57ΛΛ-ΥΥΛ,S26-ΑΑ-0710-Τ13,ΝΑΙ,51.02,barren,,
9,ΨΧΓ57ΛΛ-ΥΥΛ,S26-ΒΑ-Τ12,ΟΧΙ,37.12,barren,,
9,ΨΧΓ57ΛΛ-ΥΥΛ,S26-ΒΑ-Τ24,ΝΑΙ,99.79,barren,,
9,ΨΧΓ57ΛΛ-ΥΥΛ,S26-Ε-Τ3,ΟΧΙ,43.12,barren,,
