invitation,adam,aa,route_code,escort,daily_eur,days,budget_3y_eur,in_both_invitations
1,26PROC019072684,1,26-Κ-Τ1,ΟΧΙ,69.50,525,36487.50,0
1,26PROC019072684,2,26-Κ-Τ2,ΟΧΙ,115.78,525,60784.50,0
1,26PROC019072684,3,26-Κ-Τ3,ΟΧΙ,144.80,525,76020.00,0
1,26PROC019072684,4,26-Κ-Τ4,ΟΧΙ,124.58,525,65404.50,0
1,26PROC019072684,5,26-Κ-Τ5,ΟΧΙ,96.20,525,50505.00,0
1,26PROC019072684,6,26-Μ-Τ1,ΟΧΙ,158.78,525,83359.50,0
1,26PROC019072684,7,26-Μ-Τ6,ΟΧΙ,196.73,525,103283.25,0
1,26PROC019072684,8,26-Μ-Τ7,ΟΧΙ,90.18,525,47344.50,0
1,26PROC019072684,9,26-Μ-Τ40,ΟΧΙ,43.38,525,22774.50,0
1,26PROC019072684,10,G26-0703-Τ1,ΝΑΙ,64.00,525,33600.00,0
1,26PROC019072684,11,G26-0703-Τ2,ΝΑΙ,51.18,525,26869.50,1
1,26PROC019072684,12,G26-0711-Τ1,ΝΑΙ,56.00,525,29400.00,1
1,26PROC019072684,13,G26-0712-Τ1,ΝΑΙ,46.50,525,24412.50,0
1,26PROC019072684,14,G26-0713-Τ1,ΝΑΙ,50.05,525,26276.25,0
1,26PROC019072684,15,26-ΠΠ-Τ1,ΟΧΙ,91.08,525,47817.00,1
1,26PROC019072684,16,26-ΠΠ-Τ2,ΟΧΙ,106.60,525,55965.00,0
1,26PROC019072684,17,26-ΠΠ-Τ3,ΟΧΙ,58.63,525,30780.75,1
1,26PROC019072684,18,26-ΠΠ-Τ4,ΟΧΙ,66.30,525,34807.50,0
1,26PROC019072684,19,26-ΠΠ-Τ11,ΟΧΙ,95.23,525,49995.75,1
1,26PROC019072684,20,26-ΠΠ-Τ12,ΟΧΙ,50.00,525,26250.00,1
1,26PROC019072684,21,26-ΠΠ-Τ13,ΟΧΙ,67.53,525,35453.25,0
1,26PROC019072684,22,26-ΠΠ-Τ14,ΟΧΙ,85.88,525,45087.00,0
1,26PROC019072684,23,26-ΠΠ-Τ15,ΟΧΙ,112.13,525,58868.25,0
1,26PROC019072684,24,26-ΠΠ-Τ16,ΟΧΙ,105.08,525,55167.00,0
1,26PROC019072684,25,26-ΠΠ-Τ204,ΟΧΙ,114.15,525,59928.75,0
1,26PROC019072684,26,26-ΠΠ-Τ41,ΟΧΙ,84.08,525,44142.00,0
1,26PROC019072684,27,26-ΠΠ-Τ303,ΟΧΙ,97.73,525,51308.25,0
1,26PROC019072684,28,26-ΠΠ-Τ50,ΝΑΙ,83.73,525,43958.25,0
1,26PROC019072684,29,26-ΠΠ-Τ51,ΝΑΙ,127.38,525,66874.50,0
1,26PROC019072684,30,26-ΠΠ-Τ52,ΝΑΙ,33.50,525,17587.50,1
1,26PROC019072684,31,26-ΠΑ-ΜΑΚ-Τ1,ΟΧΙ,74.25,525,38981.25,1
1,26PROC019072684,32,26-ΠΑ-ΜΑΚ-Τ2,ΟΧΙ,69.20,525,36330.00,0
1,26PROC019072684,33,26-ΠΝΓ-Τ1,ΝΑΙ,87.58,525,45979.50,1
1,26PROC019072684,34,26-ΠΝΓ-Τ2,ΝΑΙ,57.48,525,30177.00,1
1,26PROC019072684,35,26-ΠΣΠΘ-Τ1,ΝΑΙ,100.80,525,52920.00,1
1,26PROC019072684,36,26-ΠΠ-Τ61,ΝΑΙ,89.93,525,47213.25,0
1,26PROC019072684,37,26-ΠΠ-Τ62,ΝΑΙ,94.43,525,49575.75,0
1,26PROC019072684,38,26-ΠΠ-Τ601,ΝΑΙ,57.05,525,29951.25,1
1,26PROC019072684,39,26-ΠΠ-Τ602,ΝΑΙ,40.98,525,21514.50,1
1,26PROC019072684,40,26-ΠΠ-Τ604,ΟΧΙ,57.05,525,29951.25,1
1,26PROC019072684,41,26-ΠΠ-Τ606,ΟΧΙ,40.98,525,21514.50,1
1,26PROC019072684,42,26-ΠΠ-Τ607,ΟΧΙ,84.75,525,44493.75,0
1,26PROC019072684,43,26-ΠΠ-Τ603,ΟΧΙ,84.75,525,44493.75,0
1,26PROC019072684,44,26-ΠΠ-Τ605,ΟΧΙ,66.25,525,34781.25,1
1,26PROC019072684,45,26-ΠΠ-Τ34,ΟΧΙ,81.40,525,42735.00,1
1,26PROC019072684,46,26-ΠΠ-Τ304,ΟΧΙ,81.95,525,43023.75,0
1,26PROC019072684,47,26-ΠΠ-Τ305,ΟΧΙ,51.20,525,26880.00,1
1,26PROC019072684,48,26-ΠΠ-Τ306,ΟΧΙ,31.48,525,16527.00,1
1,26PROC019072684,49,26-ΠΠ-Τ33,ΟΧΙ,72.35,525,37983.75,1
1,26PROC019072684,50,S26-ΒΑ-Τ61,ΝΑΙ,147.00,525,77175.00,0
1,26PROC019072684,51,S26-ΒΑ-Τ62,ΝΑΙ,192.65,525,101141.25,0
1,26PROC019072684,52,S26-ΒΑ-Τ63,ΝΑΙ,173.65,525,91166.25,0
1,26PROC019072684,53,S26-ΒΑ-Τ64,ΝΑΙ,169.85,525,89171.25,0
1,26PROC019072684,54,S26-ΒΑ-Τ65,ΝΑΙ,86.80,525,45570.00,0
1,26PROC019072684,55,S26-ΒΑ-Τ66,ΝΑΙ,101.65,525,53366.25,0
1,26PROC019072684,56,S26-ΒΑ-Τ67,ΝΑΙ,162.93,525,85538.25,0
1,26PROC019072684,57,S26-ΓΛΚΒ-Τ1,ΟΧΙ,75.93,525,39863.25,0
1,26PROC019072684,58,S26-ΓΛΚΒ-Τ2,ΟΧΙ,168.45,525,88436.25,0
1,26PROC019072684,59,S26-ΓΛΚΒ-Τ3,ΟΧΙ,86.43,525,45375.75,0
1,26PROC019072684,60,S26-ΓΛΚΒ-Τ4,ΟΧΙ,100.98,525,53014.50,0
1,26PROC019072684,61,S26-ΔΕΓ-Τ1,ΝΑΙ,95.58,525,50179.50,1
1,26PROC019072684,62,S26-0708-Τ1,ΝΑΙ,104.38,525,54799.50,0
1,26PROC019072684,63,S26-0708-Τ2,ΝΑΙ,59.15,525,31053.75,1
1,26PROC019072684,64,S26-ΚΟΡΔ-Τ1,ΝΑΙ,221.38,525,116224.50,0
1,26PROC019072684,65,S26-ΠΜ-Τ1,ΝΑΙ,160.83,525,84435.75,0
1,26PROC019072684,66,S26-ΠΜ-Τ2,ΝΑΙ,130.28,525,68397.00,0
1,26PROC019072684,67,S26-0711-Τ1,ΝΑΙ,78.33,525,41123.25,0
1,26PROC019072684,68,S26-ΛΟΦ-Τ1,ΝΑΙ,196.75,525,103293.75,0
1,26PROC019072684,69,S26-ΛΟΦ-Τ2,ΝΑΙ,187.30,525,98332.50,0
1,26PROC019072684,70,S26-ΛΟΦ-Τ3,ΝΑΙ,136.00,525,71400.00,0
1,26PROC019072684,71,S26-ΛΟΦ-Τ4,ΝΑΙ,145.55,525,76413.75,0
1,26PROC019072684,72,S26-0710-Τ1,ΝΑΙ,84.68,525,44457.00,0
1,26PROC019072684,73,S26-0710-Τ2,ΝΑΙ,144.93,525,76088.25,0
1,26PROC019072684,74,S26-0710-Τ3,ΝΑΙ,133.65,525,70166.25,0
1,26PROC019072684,75,S26-0710-Τ4,ΝΑΙ,110.63,525,58080.75,1
1,26PROC019072684,76,G26-0705-Τ13,ΟΧΙ,67.55,525,35463.75,0
1,26PROC019072684,77,G26-0706-Τ1,ΟΧΙ,39.63,525,20805.75,1
1,26PROC019072684,78,26-ΠΠ-ΑΓΠ-Τ1,ΝΑΙ,49.75,525,26118.75,1
1,26PROC019072684,79,26-ΠΠ-ΩΝΣ-Τ1,ΟΧΙ,108.88,525,57162.00,0
1,26PROC019072684,80,26-ΠΠ-ΩΝΣ-Τ2,ΟΧΙ,59.43,525,31200.75,1
1,26PROC019072684,81,26-ΠΠ-ΩΝΣ-Τ3,ΟΧΙ,72.63,525,38130.75,0
1,26PROC019072684,82,26-ΠΠ-ΩΝΣ-Τ4,ΟΧΙ,59.50,525,31237.50,0
1,26PROC019072684,83,S26-Ε-Τ3,ΟΧΙ,43.13,525,22643.25,0
1,26PROC019072684,84,S26-ΑΑ-0711-Τ1,ΝΑΙ,86.15,525,45228.75,0
1,26PROC019072684,85,S26-ΑΑ-0711-Τ6,ΝΑΙ,59.00,525,30975.00,1
1,26PROC019072684,86,S26-ΑΑ-0713-Τ1,ΝΑΙ,63.73,525,33458.25,1
1,26PROC019072684,87,S26-ΒΑ-070101-Τ1,ΝΑΙ,94.25,525,49481.25,1
1,26PROC019072684,88,S26-ΒΑ-Τ38,ΟΧΙ,75.68,525,39732.00,0
1,26PROC019072684,89,S26-ΑΑ-0701-Τ4Α,ΝΑΙ,123.29,525,64727.25,0
1,26PROC019072684,,S26-ΑΑ-0701-Τ4Β,ΝΑΙ,118.50,525,62212.50,0
1,26PROC019072684,,S26-ΑΑ-0701-Τ4Γ,ΝΑΙ,68.38,525,35899.50,0
1,26PROC019072684,90,S26-ΑΑ-0708-Τ3,ΝΑΙ,115.78,525,60784.50,0
1,26PROC019072684,91,S26-ΑΑ-0701-Τ5,ΝΑΙ,105.63,525,55455.75,0
1,26PROC019072684,92,S26-ΑΑ-0708-Τ2,ΝΑΙ,104.00,525,54600.00,0
1,26PROC019072684,93,S26-ΑΑ-0712-Τ2,ΝΑΙ,91.48,525,48027.00,0
1,26PROC019072684,94,S26-ΑΑ-0714-Τ2,ΝΑΙ,99.60,525,52290.00,0
1,26PROC019072684,95,S26-ΑΑ-0714-Τ4,ΝΑΙ,106.60,525,55965.00,0
1,26PROC019072684,96,S26-ΑΑ-0714-Τ5,ΝΑΙ,128.00,525,67200.00,0
1,26PROC019072684,97,S26-ΑΑ-0714-Τ7,ΝΑΙ,115.20,525,60480.00,0
1,26PROC019072684,98,S26-ΑΑ-0714-Τ6,ΝΑΙ,242.35,525,127233.75,0
1,26PROC019072684,99,S26-ΒΑ-0706-Τ1,ΟΧΙ,85.68,525,44982.00,0
1,26PROC019072684,100,S26-ΒΑ-Τ8,ΝΑΙ,107.00,525,56175.00,0
1,26PROC019072684,101,S26-ΒΑ-Τ11,ΟΧΙ,116.75,525,61293.75,0
1,26PROC019072684,102,S26-ΒΑ-Τ32,ΝΑΙ,84.58,525,44404.50,1
1,26PROC019072684,103,S26-ΒΑ-Τ34,ΟΧΙ,130.80,525,68670.00,0
1,26PROC019072684,104,S26-ΒΑ-Τ35,ΟΧΙ,123.25,525,64706.25,0
1,26PROC019072684,105,S26-ΒΑ-Τ41,ΟΧΙ,52.35,525,27483.75,0
1,26PROC019072684,106,S26-ΒΑ-Τ30,ΝΑΙ,87.70,525,46042.50,1
1,26PROC019072684,107,S26-ΒΑ-Τ32,ΝΑΙ,84.58,525,44404.50,0
1,26PROC019072684,108,S26-ΒΑ-0712-Τ1,ΝΑΙ,196.80,525,103320.00,0
1,26PROC019072684,109,S26-ΒΑ-Τ23,ΟΧΙ,73.33,525,38498.25,0
1,26PROC019072684,110,S26-ΒΑ-Τ8,ΝΑΙ,77.20,525,40530.00,1
1,26PROC019072684,112,S26-ΒΑ-Τ33,ΝΑΙ,99.28,525,52122.00,0
1,26PROC019072684,111,S26-ΒΑ-Τ44,ΝΑΙ,54.63,525,28680.75,1
2,26PROC019595854,1,G26-0703-Τ2,ΝΑΙ,51.18,525,26869.50,1
2,26PROC019595854,2,G26-0711-Τ1,ΝΑΙ,56.00,525,29400.00,1
2,26PROC019595854,3,26-ΠΠ-Τ1,ΟΧΙ,77.55,525,40713.75,1
2,26PROC019595854,4,26-ΠΠ-Τ3,ΟΧΙ,58.63,525,30780.75,1
2,26PROC019595854,5,26-ΠΠ-Τ11,ΟΧΙ,95.23,525,49995.75,1
2,26PROC019595854,6,26-ΠΠ-Τ12,ΟΧΙ,50.00,525,26250.00,1
2,26PROC019595854,7,26-ΠΠ-Τ52,ΝΑΙ,33.50,525,17587.50,1
2,26PROC019595854,8,26-ΠΑ-ΜΑΚ-Τ1,ΟΧΙ,74.25,525,38981.25,1
2,26PROC019595854,9,26-ΠΝΓ-Τ1,ΝΑΙ,87.58,525,45979.50,1
2,26PROC019595854,10,26-ΠΝΓ-Τ2,ΝΑΙ,57.48,525,30177.00,1
2,26PROC019595854,11,26-ΠΣΠΘ-Τ1,ΝΑΙ,100.80,525,52920.00,1
2,26PROC019595854,12,26-ΠΠ-Τ601,ΝΑΙ,57.05,525,29951.25,1
2,26PROC019595854,13,26-ΠΠ-Τ602,ΝΑΙ,40.98,525,21514.50,1
2,26PROC019595854,14,26-ΠΠ-Τ604,ΟΧΙ,57.05,525,29951.25,1
2,26PROC019595854,15,26-ΠΠ-Τ606,ΟΧΙ,40.98,525,21514.50,1
2,26PROC019595854,16,26-ΠΠ-Τ605,ΟΧΙ,66.25,525,34781.25,1
2,26PROC019595854,17,26-ΠΠ-Τ34,ΟΧΙ,81.40,525,42735.00,1
2,26PROC019595854,18,26-ΠΠ-Τ305,ΟΧΙ,51.20,525,26880.00,1
2,26PROC019595854,19,26-ΠΠ-Τ306,ΟΧΙ,31.48,525,16527.00,1
2,26PROC019595854,20,26-ΠΠ-Τ33,ΟΧΙ,72.35,525,37983.75,1
2,26PROC019595854,21,S26-ΔΕΓ-Τ1,ΝΑΙ,95.58,525,50179.50,1
2,26PROC019595854,22,S26-0708-Τ2,ΝΑΙ,59.15,525,31053.75,1
2,26PROC019595854,23,G26-0706-Τ1,ΟΧΙ,39.63,525,20805.75,1
2,26PROC019595854,24,26-ΠΠ-ΑΓΠ-Τ1,ΝΑΙ,49.75,525,26118.75,1
2,26PROC019595854,25,26-ΠΠ-ΩΝΣ-Τ2,ΟΧΙ,59.43,525,31200.75,1
2,26PROC019595854,26,S26-ΑΑ-0711-Τ6,ΝΑΙ,59.00,525,30975.00,1
2,26PROC019595854,27,S26-ΑΑ-0713-Τ1,ΝΑΙ,63.73,525,33458.25,1
2,26PROC019595854,28,S26-ΑΑ-0713-Τ2,ΝΑΙ,75.62,525,39700.50,0
2,26PROC019595854,29,S26-ΒΑ-070101-Τ1,ΝΑΙ,94.25,525,49481.25,1
2,26PROC019595854,30,S26-ΒΑ-Τ32,ΝΑΙ,84.58,525,44404.50,1
2,26PROC019595854,31,S26-ΒΑ-Τ30,ΝΑΙ,87.70,525,46042.50,1
2,26PROC019595854,32,S26-ΒΑ-Τ1,ΝΑΙ,80.45,525,42236.25,0
2,26PROC019595854,33,S26-ΒΑ-Τ8,ΝΑΙ,81.10,525,42577.50,1
2,26PROC019595854,34,S26-ΒΑ-Τ44,ΝΑΙ,54.63,525,28680.75,1
2,26PROC019595854,35,26-Κ-Τ6,ΟΧΙ,66.85,525,35096.25,0
2,26PROC019595854,36,S26-ΓΛΚΒ-Τ5,ΟΧΙ,586.30,105,61561.50,0
2,26PROC019595854,37,S26-0710-Τ5,ΝΑΙ,59.85,525,31421.25,0
2,26PROC019595854,38,S26-ΠΜ-Τ3,ΝΑΙ,214.68,525,112707.00,0
2,26PROC019595854,39,26-ΠΠ-Τ307,ΟΧΙ,40.88,525,21462.00,0
2,26PROC019595854,40,G26-0710-Τ16,ΝΑΙ,32.76,525,17199.00,0
2,26PROC019595854,41,S26-0710-Τ4,ΝΑΙ,122.43,525,64275.75,1
2,26PROC019595854,42,S26-ΒΑ-Τ44,ΝΑΙ,54.63,525,28680.75,1
